workspace_id,doctor_id,name,actual_id,gender,experience,speciality_id,speciality_name,speciality_alias,is_active,profile_url,profile_pic,languages,hospitals
78323888282175,174980909112113,Shanthi Reddy,,,,11,Pediatrics,"Paediatrics, Child Health, Children's Medicine, Paediatrician",Yes,,https://doctoronboarding.eka.care/6e6c35ce-36c7-4376-be0b-60fcf5a6c461.webp,,"Ovum Hospitals – Kalyan Nagar:Bengaluru:Karnataka:6849656ecc2d87001db0c21c:::Ovum Hospitals, Kalyan Nagar 916, 5th A Cross Rd, HRBR Layout 1st Block, HRBR Layout, Kalyan Nagar"
78323888282175,174980909339720,Ruksana Kushter,,,,7,Obstetrics & Gynecology,"OB-GYN, Gynaecology, Gynecology, Obstetrics, Women's Health, OBG",Yes,,https://doctoronboarding.eka.care/f2727188-9bb6-4aeb-876b-f8aa9eb8d3bb.webp,,"Ovum Hospitals – Kalyan Nagar:Bengaluru:Karnataka:6849656ecc2d87001db0c21c:::Ovum Hospitals, Kalyan Nagar 916, 5th A Cross Rd, HRBR Layout 1st Block, HRBR Layout, Kalyan Nagar"
78323888282175,174885600137665,Sandhya Shivakumar,,,,7,Obstetrics & Gynecology,"OB-GYN, Gynaecology, Gynecology, Obstetrics, Women's Health, OBG",Yes,,https://doctoronboarding.eka.care/d6a0a8ce-43d8-4814-a74e-af9f51eb1c9b.webp,,"Ovum Hospitals – Kalyan Nagar:Bengaluru:Karnataka:6849656ecc2d87001db0c21c:::Ovum Hospitals, Kalyan Nagar 916, 5th A Cross Rd, HRBR Layout 1st Block, HRBR Layout, Kalyan Nagar"
78323888282175,do1774847260441,Madhu M,,,,6,Not Specified,,Yes,,,,"Ovum Hospitals – Kalyan Nagar:Bengaluru:Karnataka:6849656ecc2d87001db0c21c:::Ovum Hospitals, Kalyan Nagar 916, 5th A Cross Rd, HRBR Layout 1st Block, HRBR Layout, Kalyan Nagar"
78323888282175,175647163203092,Vijay Kumar,,,,5,Neonatology,"Newborn Care, NICU, Neonatal Medicine, Neonatologist",Yes,,,,"Ovum Hospitals – Kalyan Nagar:Bengaluru:Karnataka:6849656ecc2d87001db0c21c:::Ovum Hospitals, Kalyan Nagar 916, 5th A Cross Rd, HRBR Layout 1st Block, HRBR Layout, Kalyan Nagar"
78323888282175,174980909084851,Sarbari Gupta,,,,11,Pediatrics,"Paediatrics, Child Health, Children's Medicine, Paediatrician",Yes,,https://doctoronboarding.eka.care/83f57ea1-844e-4be8-b9c0-58365464287f.webp,,"Ovum Hospitals – Kalyan Nagar:Bengaluru:Karnataka:6849656ecc2d87001db0c21c:::Ovum Hospitals, Kalyan Nagar 916, 5th A Cross Rd, HRBR Layout 1st Block, HRBR Layout, Kalyan Nagar"
78323888282175,175517687024853,Samrakshini Golipelly,,,,14,Reproductive Medicine,"IVF, Fertility, ART, IUI, Infertility Treatment",Yes,,,,"Ovum Hospitals – Kalyan Nagar:Bengaluru:Karnataka:6849656ecc2d87001db0c21c:::Ovum Hospitals, Kalyan Nagar 916, 5th A Cross Rd, HRBR Layout 1st Block, HRBR Layout, Kalyan Nagar"
78323888282175,174980908907585,Neha Chauhan,,,,11,Pediatrics,"Paediatrics, Child Health, Children's Medicine, Paediatrician",Yes,,https://doctoronboarding.eka.care/07897eab-1fbb-4c66-8c6b-d3a633a35f6d.webp,,"Ovum Hospitals – Kalyan Nagar:Bengaluru:Karnataka:6849656ecc2d87001db0c21c:::Ovum Hospitals, Kalyan Nagar 916, 5th A Cross Rd, HRBR Layout 1st Block, HRBR Layout, Kalyan Nagar"
78323888282175,do1767778850084,Y Bhanu Chandar Reddy,,,,11,Pediatrics,"Paediatrics, Child Health, Children's Medicine, Paediatrician",Yes,,,,"Ovum Hospitals – Kalyan Nagar:Bengaluru:Karnataka:6849656ecc2d87001db0c21c:::Ovum Hospitals, Kalyan Nagar 916, 5th A Cross Rd, HRBR Layout 1st Block, HRBR Layout, Kalyan Nagar"
78323888282175,175517669582216,Chaithra S K,,,,14,Reproductive Medicine,"IVF, Fertility, ART, IUI, Infertility Treatment",Yes,,,,"Ovum Hospitals – Kalyan Nagar:Bengaluru:Karnataka:6849656ecc2d87001db0c21c:::Ovum Hospitals, Kalyan Nagar 916, 5th A Cross Rd, HRBR Layout 1st Block, HRBR Layout, Kalyan Nagar"
78323888282175,do1770275858193,Anitha Balakrishna,,,,7,Obstetrics & Gynecology,"OB-GYN, Gynaecology, Gynecology, Obstetrics, Women's Health, OBG",Yes,,,,"Ovum Hospitals – Kalyan Nagar:Bengaluru:Karnataka:6849656ecc2d87001db0c21c:::Ovum Hospitals, Kalyan Nagar 916, 5th A Cross Rd, HRBR Layout 1st Block, HRBR Layout, Kalyan Nagar"
78323888282175,174980909141673,Adarsh Somashekar,,,,11,Pediatrics,"Paediatrics, Child Health, Children's Medicine, Paediatrician",Yes,,https://doctoronboarding.eka.care/79e088e3-aa63-403a-a78e-e290a57ac24f.webp,,"Ovum Hospitals – Kalyan Nagar:Bengaluru:Karnataka:6849656ecc2d87001db0c21c:::Ovum Hospitals, Kalyan Nagar 916, 5th A Cross Rd, HRBR Layout 1st Block, HRBR Layout, Kalyan Nagar"
78323888282175,174980909038416,Latha Venkateshwaran,,,,10,Pediatric Surgery & Urology,"Pediatric Surgeon, Pediatric Urologist, Paediatric Surgery",Yes,,https://doctoronboarding.eka.care/5b302e63-4d2b-4d54-972a-126ef7c56894.webp,,"Ovum Hospitals – Kalyan Nagar:Bengaluru:Karnataka:6849656ecc2d87001db0c21c:::Ovum Hospitals, Kalyan Nagar 916, 5th A Cross Rd, HRBR Layout 1st Block, HRBR Layout, Kalyan Nagar"
78323888282175,174980907063042,Vidya Rani K,,,,13,Radiology,"Imaging, Diagnostic Radiology, X-Ray, Ultrasound, Scan",Yes,,https://doctoronboarding.eka.care/d5eeb518-468f-4ad2-9006-275e1ae52b24.webp,,"Ovum Hospitals – Kalyan Nagar:Bengaluru:Karnataka:6849656ecc2d87001db0c21c:::Ovum Hospitals, Kalyan Nagar 916, 5th A Cross Rd, HRBR Layout 1st Block, HRBR Layout, Kalyan Nagar"
78323888282175,174980909280938,Indrani C E,,,,7,Obstetrics & Gynecology,"OB-GYN, Gynaecology, Gynecology, Obstetrics, Women's Health, OBG",Yes,,https://doctoronboarding.eka.care/b407b3e7-23ee-43ff-8231-f7c3d192fe26.webp,,"Ovum Hospitals – Kalyan Nagar:Bengaluru:Karnataka:6849656ecc2d87001db0c21c:::Ovum Hospitals, Kalyan Nagar 916, 5th A Cross Rd, HRBR Layout 1st Block, HRBR Layout, Kalyan Nagar"
78323888282175,174980908993089,Akhila Nagaraj,,,,11,Pediatrics,"Paediatrics, Child Health, Children's Medicine, Paediatrician",Yes,,https://doctoronboarding.eka.care/de71485e-bf3c-4644-bfff-9345436e4f47.webp,,"Ovum Hospitals – Kalyan Nagar:Bengaluru:Karnataka:6849656ecc2d87001db0c21c:::Ovum Hospitals, Kalyan Nagar 916, 5th A Cross Rd, HRBR Layout 1st Block, HRBR Layout, Kalyan Nagar"
78323888282175,174980906850845,Vedarth Dash,,,,10,Pediatric Surgery & Urology,"Pediatric Surgeon, Pediatric Urologist, Paediatric Surgery",Yes,,https://doctoronboarding.eka.care/6efbc864-562e-49d8-9823-d5b531e2449e.webp,,"Ovum Hospitals – Kalyan Nagar:Bengaluru:Karnataka:6849656ecc2d87001db0c21c:::Ovum Hospitals, Kalyan Nagar 916, 5th A Cross Rd, HRBR Layout 1st Block, HRBR Layout, Kalyan Nagar"
78323888282175,175517717310915,Chandana A,,,,14,Reproductive Medicine,"IVF, Fertility, ART, IUI, Infertility Treatment",Yes,,,,"Ovum Hospitals – Kalyan Nagar:Bengaluru:Karnataka:6849656ecc2d87001db0c21c:::Ovum Hospitals, Kalyan Nagar 916, 5th A Cross Rd, HRBR Layout 1st Block, HRBR Layout, Kalyan Nagar"
78323888282175,175689781895876,Monish Raj M,,,,9,Paediatrics Sub-Speciality,"Paediatric Subspecialty, Pediatric Subspecialty",Yes,,,,"Ovum Hospitals – Kalyan Nagar:Bengaluru:Karnataka:6849656ecc2d87001db0c21c:::Ovum Hospitals, Kalyan Nagar 916, 5th A Cross Rd, HRBR Layout 1st Block, HRBR Layout, Kalyan Nagar"
78323888282175,175999887179923,Reeth Sahana,,,,2,Fetal Medicine,"Maternal-Fetal Medicine, MFM, Perinatology, Feto-maternal",Yes,,,,"Ovum Hospitals – Kalyan Nagar:Bengaluru:Karnataka:6849656ecc2d87001db0c21c:::Ovum Hospitals, Kalyan Nagar 916, 5th A Cross Rd, HRBR Layout 1st Block, HRBR Layout, Kalyan Nagar"
78323888282175,175612224409795,Pooja Wali,,,,5,Neonatology,"Newborn Care, NICU, Neonatal Medicine, Neonatologist",Yes,,,,"Ovum Hospitals – Kalyan Nagar:Bengaluru:Karnataka:6849656ecc2d87001db0c21c:::Ovum Hospitals, Kalyan Nagar 916, 5th A Cross Rd, HRBR Layout 1st Block, HRBR Layout, Kalyan Nagar"
78323888282175,do1767778319919,Kiran Araballi R,,,,11,Pediatrics,"Paediatrics, Child Health, Children's Medicine, Paediatrician",Yes,,,,"Ovum Hospitals – Kalyan Nagar:Bengaluru:Karnataka:6849656ecc2d87001db0c21c:::Ovum Hospitals, Kalyan Nagar 916, 5th A Cross Rd, HRBR Layout 1st Block, HRBR Layout, Kalyan Nagar"
78323888282175,do1764927568705,Hemanth Balakrishnan,,,,5,Neonatology,"Newborn Care, NICU, Neonatal Medicine, Neonatologist",Yes,,,,"Ovum Hospitals – Kalyan Nagar:Bengaluru:Karnataka:6849656ecc2d87001db0c21c:::Ovum Hospitals, Kalyan Nagar 916, 5th A Cross Rd, HRBR Layout 1st Block, HRBR Layout, Kalyan Nagar"
78323888282175,176060587091492,Vempalli Reddisai Raju,,,,13,Radiology,"Imaging, Diagnostic Radiology, X-Ray, Ultrasound, Scan",Yes,,,,"Ovum Hospitals – Kalyan Nagar:Bengaluru:Karnataka:6849656ecc2d87001db0c21c:::Ovum Hospitals, Kalyan Nagar 916, 5th A Cross Rd, HRBR Layout 1st Block, HRBR Layout, Kalyan Nagar"
78323888282175,do1773907928150,Nabila Rahman,,,,7,Obstetrics & Gynecology,"OB-GYN, Gynaecology, Gynecology, Obstetrics, Women's Health, OBG",Yes,,,,"Ovum Hospitals – Kalyan Nagar:Bengaluru:Karnataka:6849656ecc2d87001db0c21c:::Ovum Hospitals, Kalyan Nagar 916, 5th A Cross Rd, HRBR Layout 1st Block, HRBR Layout, Kalyan Nagar"
78323888282175,d-1762176247337,Smitha Pavle,,,,9,Paediatrics Sub-Speciality,"Paediatric Subspecialty, Pediatric Subspecialty",Yes,,,,"Ovum Hospitals – Kalyan Nagar:Bengaluru:Karnataka:6849656ecc2d87001db0c21c:::Ovum Hospitals, Kalyan Nagar 916, 5th A Cross Rd, HRBR Layout 1st Block, HRBR Layout, Kalyan Nagar"
78323888282175,174980909406447,Manjula S Patil,,,,7,Obstetrics & Gynecology,"OB-GYN, Gynaecology, Gynecology, Obstetrics, Women's Health, OBG",Yes,,https://doctoronboarding.eka.care/a6ef43f2-22c2-4522-9f16-b08ceb81cebe.jpg,,"Ovum Hospitals – Kalyan Nagar:Bengaluru:Karnataka:6849656ecc2d87001db0c21c:::Ovum Hospitals, Kalyan Nagar 916, 5th A Cross Rd, HRBR Layout 1st Block, HRBR Layout, Kalyan Nagar"
78323888282175,174980909170079,Swetha M P,,,,7,Obstetrics & Gynecology,"OB-GYN, Gynaecology, Gynecology, Obstetrics, Women's Health, OBG",Yes,,https://doctoronboarding.eka.care/7078a306-0c63-474d-bf03-d0cc7af3c722.webp,,"Ovum Hospitals – Kalyan Nagar:Bengaluru:Karnataka:6849656ecc2d87001db0c21c:::Ovum Hospitals, Kalyan Nagar 916, 5th A Cross Rd, HRBR Layout 1st Block, HRBR Layout, Kalyan Nagar"
78323888282175,174980876429949,Harini P Shetty,,,,7,Obstetrics & Gynecology,"OB-GYN, Gynaecology, Gynecology, Obstetrics, Women's Health, OBG",Yes,,https://doctoronboarding.eka.care/cc0cd38f-6d81-47c1-9fba-2f17cef82fef.webp,,"Ovum Hospitals – Kalyan Nagar:Bengaluru:Karnataka:6849656ecc2d87001db0c21c:::Ovum Hospitals, Kalyan Nagar 916, 5th A Cross Rd, HRBR Layout 1st Block, HRBR Layout, Kalyan Nagar"
78323888282175,174980909704811,Shwetha S Yadav,,,,7,Obstetrics & Gynecology,"OB-GYN, Gynaecology, Gynecology, Obstetrics, Women's Health, OBG",Yes,,https://doctoronboarding.eka.care/d09fd5a0-baf6-4158-badd-32e8701506fb.webp,,"Ovum Hospitals – Kalyan Nagar:Bengaluru:Karnataka:6849656ecc2d87001db0c21c:::Ovum Hospitals, Kalyan Nagar 916, 5th A Cross Rd, HRBR Layout 1st Block, HRBR Layout, Kalyan Nagar"
78323888282175,176006991773048,Avani Hegde,,,,9,Paediatrics Sub-Speciality,"Paediatric Subspecialty, Pediatric Subspecialty",Yes,,,,"Ovum Hospitals – Kalyan Nagar:Bengaluru:Karnataka:6849656ecc2d87001db0c21c:::Ovum Hospitals, Kalyan Nagar 916, 5th A Cross Rd, HRBR Layout 1st Block, HRBR Layout, Kalyan Nagar"
78323888282175,174980908626465,Pranavi Nagendla,,,,7,Obstetrics & Gynecology,"OB-GYN, Gynaecology, Gynecology, Obstetrics, Women's Health, OBG",Yes,,https://doctoronboarding.eka.care/f9e945a7-67a6-4bc3-a6a1-0b4a8d1a708e.webp,,"Ovum Hospitals – Hoskote:Bengaluru:Karnataka:6849658ccc2d87001db0c238:::HIG Extension Road, Swamy Vivekananda Nagar, KHB Colony, Hoskote"
78323888282175,174980908596298,Sudha R,,,,7,Obstetrics & Gynecology,"OB-GYN, Gynaecology, Gynecology, Obstetrics, Women's Health, OBG",Yes,,https://doctoronboarding.eka.care/3aa10020-0e1d-462e-98c5-58956d3da4f7.webp,,"Ovum Hospitals – Hoskote:Bengaluru:Karnataka:6849658ccc2d87001db0c238:::HIG Extension Road, Swamy Vivekananda Nagar, KHB Colony, Hoskote"
78323888282175,174980908569154,Madhurima R,,,,7,Obstetrics & Gynecology,"OB-GYN, Gynaecology, Gynecology, Obstetrics, Women's Health, OBG",Yes,,https://doctoronboarding.eka.care/7ba16c64-5af2-44dd-ad77-d26d59722629.webp,,"Ovum Hospitals – Hoskote:Bengaluru:Karnataka:6849658ccc2d87001db0c238:::HIG Extension Road, Swamy Vivekananda Nagar, KHB Colony, Hoskote"
78323888282175,174980908427832,Vuppu Dinesh Kumar,,,,5,Neonatology,"Newborn Care, NICU, Neonatal Medicine, Neonatologist",Yes,,https://doctoronboarding.eka.care/174650c0-39e6-47d2-bd0a-94cab74a1ae8.webp,,"Ovum Hospitals – Hoskote:Bengaluru:Karnataka:6849658ccc2d87001db0c238:::HIG Extension Road, Swamy Vivekananda Nagar, KHB Colony, Hoskote"
78323888282175,174980908375988,Shireen Isaac,,,,11,Pediatrics,"Paediatrics, Child Health, Children's Medicine, Paediatrician",Yes,,https://doctoronboarding.eka.care/8c231ca4-67ce-45ab-bef7-3c0b9c8de52b.webp,,"Ovum Hospitals – Hoskote:Bengaluru:Karnataka:6849658ccc2d87001db0c238:::HIG Extension Road, Swamy Vivekananda Nagar, KHB Colony, Hoskote"
78323888282175,174980908515438,Venugopal Reddy I,,,,11,Pediatrics,"Paediatrics, Child Health, Children's Medicine, Paediatrician",Yes,,https://doctoronboarding.eka.care/6316edf5-955d-48e8-a871-383b6d39f7bb.webp,,"Ovum Hospitals – Hoskote:Bengaluru:Karnataka:6849658ccc2d87001db0c238:::HIG Extension Road, Swamy Vivekananda Nagar, KHB Colony, Hoskote"
78323888282175,174980908544571,Akshaya Doddamani,,,,7,Obstetrics & Gynecology,"OB-GYN, Gynaecology, Gynecology, Obstetrics, Women's Health, OBG",Yes,,https://doctoronboarding.eka.care/b7a8aaec-fb00-4279-b8d8-9503b0b95e61.webp,,"Ovum Hospitals – Hoskote:Bengaluru:Karnataka:6849658ccc2d87001db0c238:::HIG Extension Road, Swamy Vivekananda Nagar, KHB Colony, Hoskote"
78323888282175,174980908401455,Archana N,,,,5,Neonatology,"Newborn Care, NICU, Neonatal Medicine, Neonatologist",Yes,,https://doctoronboarding.eka.care/24317f6b-8d54-46b4-9fdd-2a50fa83fb80.webp,,"Ovum Hospitals – Hoskote:Bengaluru:Karnataka:6849658ccc2d87001db0c238:::HIG Extension Road, Swamy Vivekananda Nagar, KHB Colony, Hoskote"
78323888282175,174980908322367,Somashekhar P V,,,,4,Intensivist,"Critical Care, ICU Specialist, Critical Care Medicine",Yes,,https://doctoronboarding.eka.care/d47a3bd9-30fe-484d-b88d-4c1e8ca90877.webp,,"Ovum Hospitals – Hoskote:Bengaluru:Karnataka:6849658ccc2d87001db0c238:::HIG Extension Road, Swamy Vivekananda Nagar, KHB Colony, Hoskote"
78323888282175,do1774253101092,Pratap Narala,,,,11,Pediatrics,"Paediatrics, Child Health, Children's Medicine, Paediatrician",Yes,,,,"Ovum Hospitals – Hoskote:Bengaluru:Karnataka:6849658ccc2d87001db0c238:::HIG Extension Road, Swamy Vivekananda Nagar, KHB Colony, Hoskote"
78323888282175,do1766210492826,Ramya M R,,,,7,Obstetrics & Gynecology,"OB-GYN, Gynaecology, Gynecology, Obstetrics, Women's Health, OBG",Yes,,,,"Ovum Hospitals – Hoskote:Bengaluru:Karnataka:6849658ccc2d87001db0c238:::HIG Extension Road, Swamy Vivekananda Nagar, KHB Colony, Hoskote"
78323888282175,do1770283098859,Pallavi TN,,,,7,Obstetrics & Gynecology,"OB-GYN, Gynaecology, Gynecology, Obstetrics, Women's Health, OBG",Yes,,,,"Ovum Hospitals – Hoskote:Bengaluru:Karnataka:6849658ccc2d87001db0c238:::HIG Extension Road, Swamy Vivekananda Nagar, KHB Colony, Hoskote"
78323888282175,do1766482868010,Dhanunjay Naidu,,,,5,Neonatology,"Newborn Care, NICU, Neonatal Medicine, Neonatologist",Yes,,,,"Ovum Hospitals – Hoskote:Bengaluru:Karnataka:6849658ccc2d87001db0c238:::HIG Extension Road, Swamy Vivekananda Nagar, KHB Colony, Hoskote"
78323888282175,174980908488463,Abhishek S Aradhya,,,,5,Neonatology,"Newborn Care, NICU, Neonatal Medicine, Neonatologist",Yes,,https://doctoronboarding.eka.care/7f95153f-7209-44e8-8ca9-3917ce5f1460.webp,,"Ovum Hospitals – Hoskote:Bengaluru:Karnataka:6849658ccc2d87001db0c238:::HIG Extension Road, Swamy Vivekananda Nagar, KHB Colony, Hoskote"
78323888282175,175558266148374,Lopamudra Pradhan,,,,14,Reproductive Medicine,"IVF, Fertility, ART, IUI, Infertility Treatment",Yes,,,,"Ovum Hospitals – Hoskote:Bengaluru:Karnataka:6849658ccc2d87001db0c238:::HIG Extension Road, Swamy Vivekananda Nagar, KHB Colony, Hoskote"
78323888282175,174980908041268,Anisha Afza,,,,5,Neonatology,"Newborn Care, NICU, Neonatal Medicine, Neonatologist",Yes,,,,"Ovum Hospitals – Banashankari:Bengaluru:Karnataka:684965a7cfcc9d001d081843:::#216 A, 100ft Outer Ring Road, Near Kathriguppe Signal, 2nd Block, 3rd Phase, Banashankari 3rd Stage"
78323888282175,174980907997785,Pavana Prakash,,,,7,Obstetrics & Gynecology,"OB-GYN, Gynaecology, Gynecology, Obstetrics, Women's Health, OBG",Yes,,https://doctoronboarding.eka.care/0d81e756-48d4-4700-8560-7ee03740bd80.webp,,"Ovum Hospitals – Banashankari:Bengaluru:Karnataka:684965a7cfcc9d001d081843:::#216 A, 100ft Outer Ring Road, Near Kathriguppe Signal, 2nd Block, 3rd Phase, Banashankari 3rd Stage"
78323888282175,174980907907274,Ramya Shankar,,,,7,Obstetrics & Gynecology,"OB-GYN, Gynaecology, Gynecology, Obstetrics, Women's Health, OBG",Yes,,https://doctoronboarding.eka.care/2f57cc80-ce35-4710-afab-da6d695ce6b6.webp,,"Ovum Hospitals – Banashankari:Bengaluru:Karnataka:684965a7cfcc9d001d081843:::#216 A, 100ft Outer Ring Road, Near Kathriguppe Signal, 2nd Block, 3rd Phase, Banashankari 3rd Stage"
78323888282175,174980908105286,Lingaraj Mulage,,,,5,Neonatology,"Newborn Care, NICU, Neonatal Medicine, Neonatologist",Yes,,https://doctoronboarding.eka.care/9d6aa2d6-eec4-482a-a06e-47d0abc376fd.webp,,"Ovum Hospitals – Banashankari:Bengaluru:Karnataka:684965a7cfcc9d001d081843:::#216 A, 100ft Outer Ring Road, Near Kathriguppe Signal, 2nd Block, 3rd Phase, Banashankari 3rd Stage"
78323888282175,174980908068491,Maneesha P H,,,,5,Neonatology,"Newborn Care, NICU, Neonatal Medicine, Neonatologist",Yes,,https://doctoronboarding.eka.care/81314ca5-7604-4972-b513-796a1fa4e0af.webp,,"Ovum Hospitals – Banashankari:Bengaluru:Karnataka:684965a7cfcc9d001d081843:::#216 A, 100ft Outer Ring Road, Near Kathriguppe Signal, 2nd Block, 3rd Phase, Banashankari 3rd Stage"
78323888282175,176059978798863,Aejaz Ahmed,,,,11,Pediatrics,"Paediatrics, Child Health, Children's Medicine, Paediatrician",Yes,,,,"Ovum Hospitals – Banashankari:Bengaluru:Karnataka:684965a7cfcc9d001d081843:::#216 A, 100ft Outer Ring Road, Near Kathriguppe Signal, 2nd Block, 3rd Phase, Banashankari 3rd Stage"
78323888282175,174980907715950,Rashmi Roogi,,,,2,Fetal Medicine,"Maternal-Fetal Medicine, MFM, Perinatology, Feto-maternal",Yes,,https://doctoronboarding.eka.care/610f8422-b370-41f4-8f55-e0dc0b5064f6.webp,,"Ovum Hospitals – Banashankari:Bengaluru:Karnataka:684965a7cfcc9d001d081843:::#216 A, 100ft Outer Ring Road, Near Kathriguppe Signal, 2nd Block, 3rd Phase, Banashankari 3rd Stage"
78323888282175,d-1762232698403,Sushma S R,,,,2,Fetal Medicine,"Maternal-Fetal Medicine, MFM, Perinatology, Feto-maternal",Yes,,,,"Ovum Hospitals – Hosur:Hosur:Tamil Nadu:68b19f4b0e860d001d23e342:::Ovum Hospitals, Plot No.C- 4 , Bagalur Road, Avalapalli Rd, opposite to Maharishi Bala Vidya Mandir, Hosur, Tamil Nadu 635109"
78323888282175,do1763976520422,Mahendra Kasturi,,,,11,Pediatrics,"Paediatrics, Child Health, Children's Medicine, Paediatrician",Yes,,,,"Ovum Hospitals – Hosur:Hosur:Tamil Nadu:68b19f4b0e860d001d23e342:::Ovum Hospitals, Plot No.C- 4 , Bagalur Road, Avalapalli Rd, opposite to Maharishi Bala Vidya Mandir, Hosur, Tamil Nadu 635109"
78323888282175,175690030027765,Neeraja s,,,,7,Obstetrics & Gynecology,"OB-GYN, Gynaecology, Gynecology, Obstetrics, Women's Health, OBG",Yes,,,,"Ovum Hospitals – Hosur:Hosur:Tamil Nadu:68b19f4b0e860d001d23e342:::Ovum Hospitals, Plot No.C- 4 , Bagalur Road, Avalapalli Rd, opposite to Maharishi Bala Vidya Mandir, Hosur, Tamil Nadu 635109"
78323888282175,176059060196864,Vasudevan M,,,,11,Pediatrics,"Paediatrics, Child Health, Children's Medicine, Paediatrician",Yes,,,,"Ovum Hospitals – Hosur:Hosur:Tamil Nadu:68b19f4b0e860d001d23e342:::Ovum Hospitals, Plot No.C- 4 , Bagalur Road, Avalapalli Rd, opposite to Maharishi Bala Vidya Mandir, Hosur, Tamil Nadu 635109"
78323888282175,do1773811279074,Gebin Fredrick Y,,,,5,Neonatology,"Newborn Care, NICU, Neonatal Medicine, Neonatologist",Yes,,,,"Ovum Hospitals – Hosur:Hosur:Tamil Nadu:68b19f4b0e860d001d23e342:::Ovum Hospitals, Plot No.C- 4 , Bagalur Road, Avalapalli Rd, opposite to Maharishi Bala Vidya Mandir, Hosur, Tamil Nadu 635109"
78323888282175,175696604621866,JOYSON S,,,,11,Pediatrics,"Paediatrics, Child Health, Children's Medicine, Paediatrician",Yes,,,,"Ovum Hospitals – Hosur:Hosur:Tamil Nadu:68b19f4b0e860d001d23e342:::Ovum Hospitals, Plot No.C- 4 , Bagalur Road, Avalapalli Rd, opposite to Maharishi Bala Vidya Mandir, Hosur, Tamil Nadu 635109"
78323888282175,175690049037728,Ragadeepthi S,,,,7,Obstetrics & Gynecology,"OB-GYN, Gynaecology, Gynecology, Obstetrics, Women's Health, OBG",Yes,,,,"Ovum Hospitals – Hosur:Hosur:Tamil Nadu:68b19f4b0e860d001d23e342:::Ovum Hospitals, Plot No.C- 4 , Bagalur Road, Avalapalli Rd, opposite to Maharishi Bala Vidya Mandir, Hosur, Tamil Nadu 635109"
78323888282175,174980907553895,Venkat S Reddy,,,,11,Pediatrics,"Paediatrics, Child Health, Children's Medicine, Paediatrician",Yes,,https://doctoronboarding.eka.care/b1a10802-4251-4e9d-baed-9fe9c7403131.webp,,"Ovum Hospitals – Hennur:Bengaluru:Karnataka:684966c2cc2d87001db0c315:::Ovum Women and Child Speciality Hospital, Hennur"
78323888282175,do1769590413760,Ayesha Shaik,,,,6,Not Specified,,Yes,,,,"Ovum Hospitals – Hennur:Bengaluru:Karnataka:684966c2cc2d87001db0c315:::Ovum Women and Child Speciality Hospital, Hennur"
78323888282175,174980907166217,Vishnu Sunil B N,,,,3,General Medicine,"Internal Medicine, General Physician, GP",Yes,,https://doctoronboarding.eka.care/ed4504be-78d7-40ca-b3e6-de5de67eee76.webp,,"Ovum Hospitals – Hennur:Bengaluru:Karnataka:684966c2cc2d87001db0c315:::Ovum Women and Child Speciality Hospital, Hennur"
78323888282175,174980908950934,Chinmaya H L,,,,5,Neonatology,"Newborn Care, NICU, Neonatal Medicine, Neonatologist",Yes,,https://doctoronboarding.eka.care/c41eebdf-9187-49d6-bf5e-686379df7fb5.webp,,"Ovum Hospitals – Hennur:Bengaluru:Karnataka:684966c2cc2d87001db0c315:::Ovum Women and Child Speciality Hospital, Hennur"
78323888282175,do1774254591867,Sushma P Pampanavar,,,,7,Obstetrics & Gynecology,"OB-GYN, Gynaecology, Gynecology, Obstetrics, Women's Health, OBG",Yes,,,,"Ovum Hospitals – Hennur:Bengaluru:Karnataka:684966c2cc2d87001db0c315:::Ovum Women and Child Speciality Hospital, Hennur"
78323888282175,174980907451897,Syed Faiz,,,,5,Neonatology,"Newborn Care, NICU, Neonatal Medicine, Neonatologist",Yes,,https://doctoronboarding.eka.care/48a7b8ad-b82e-4289-b5b6-cebe4d7e9b96.webp,,"Ovum Hospitals – Hennur:Bengaluru:Karnataka:684966c2cc2d87001db0c315:::Ovum Women and Child Speciality Hospital, Hennur"
78323888282175,174980907221673,M Vijaya Bharathi,,,,7,Obstetrics & Gynecology,"OB-GYN, Gynaecology, Gynecology, Obstetrics, Women's Health, OBG",Yes,,https://doctoronboarding.eka.care/11add316-63bc-45b4-af39-89a4c4a85d2a.webp,,"Ovum Hospitals – Hennur:Bengaluru:Karnataka:684966c2cc2d87001db0c315:::Ovum Women and Child Speciality Hospital, Hennur"
78323888282175,174980907194389,Sreejaya V K,,,,3,General Medicine,"Internal Medicine, General Physician, GP",Yes,,https://doctoronboarding.eka.care/7f5b5cb2-b666-4387-8316-4fdac2b55bd2.webp,,"Ovum Hospitals – Hennur:Bengaluru:Karnataka:684966c2cc2d87001db0c315:::Ovum Women and Child Speciality Hospital, Hennur"
78323888282175,do1769590050071,Swathi G T,,,,12,Physiotherapist,"Physiotherapy, Physical Therapy, Rehab, PT",Yes,,,,"Ovum Hospitals – Hennur:Bengaluru:Karnataka:684966c2cc2d87001db0c315:::Ovum Women and Child Speciality Hospital, Hennur"
78323888282175,do1775020258515,Vijayalakshmi Paramesh,,,,6,Not Specified,,Yes,,,,"Ovum Hospitals – Hennur:Bengaluru:Karnataka:684966c2cc2d87001db0c315:::Ovum Women and Child Speciality Hospital, Hennur"
78323888282175,174980906541269,Radhika M,,,,7,Obstetrics & Gynecology,"OB-GYN, Gynaecology, Gynecology, Obstetrics, Women's Health, OBG",Yes,,https://doctoronboarding.eka.care/41441286-9d75-4877-9db1-6d5bd87f1f03.webp,,"Ovum Hospitals – Budigere Cross:Bengaluru:Karnataka:68496736cfcc9d001d081919:::Ovum Women and Child Speciality Hospital, Budigere"
78323888282175,174980906503319,Trupti N,,,,7,Obstetrics & Gynecology,"OB-GYN, Gynaecology, Gynecology, Obstetrics, Women's Health, OBG",Yes,,https://doctoronboarding.eka.care/8532b765-db3e-4f7b-a435-03a4ee998577.webp,,"Ovum Hospitals – Budigere Cross:Bengaluru:Karnataka:68496736cfcc9d001d081919:::Ovum Women and Child Speciality Hospital, Budigere"
78323888282175,176007232860375,Seela Vandhana,,,,9,Paediatrics Sub-Speciality,"Paediatric Subspecialty, Pediatric Subspecialty",Yes,,,,"Ovum Hospitals – Budigere Cross:Bengaluru:Karnataka:68496736cfcc9d001d081919:::Ovum Women and Child Speciality Hospital, Budigere"
78323888282175,175993042598433,Latha L,,,,11,Pediatrics,"Paediatrics, Child Health, Children's Medicine, Paediatrician",Yes,,,,"Ovum Hospitals – Budigere Cross:Bengaluru:Karnataka:68496736cfcc9d001d081919:::Ovum Women and Child Speciality Hospital, Budigere"
78323888282175,174980906477118,Rajesh Babu,,,,5,Neonatology,"Newborn Care, NICU, Neonatal Medicine, Neonatologist",Yes,,https://doctoronboarding.eka.care/270b17ed-e0a2-4318-a273-ce98525c8a1d.webp,,"Ovum Hospitals – Budigere Cross:Bengaluru:Karnataka:68496736cfcc9d001d081919:::Ovum Women and Child Speciality Hospital, Budigere"
78323888282175,175713709295024,Geetha R,,,,7,Obstetrics & Gynecology,"OB-GYN, Gynaecology, Gynecology, Obstetrics, Women's Health, OBG",Yes,,,,"Ovum Hospitals – HSR Layout:Bengaluru:Karnataka:684967002399ab001dade3a1:::Ovum Women and Child Speciality Hospital, HSR Layout"
78323888282175,do1764047022819,Gagandeep M Y,,,,13,Radiology,"Imaging, Diagnostic Radiology, X-Ray, Ultrasound, Scan",Yes,,,,"Ovum Hospitals – HSR Layout:Bengaluru:Karnataka:684967002399ab001dade3a1:::Ovum Women and Child Speciality Hospital, HSR Layout"
78323888282175,do1769056660042,Achala KP,,,,7,Obstetrics & Gynecology,"OB-GYN, Gynaecology, Gynecology, Obstetrics, Women's Health, OBG",Yes,,,,"Ovum Hospitals – HSR Layout:Bengaluru:Karnataka:684967002399ab001dade3a1:::Ovum Women and Child Speciality Hospital, HSR Layout"
78323888282175,174980906717619,Vishnu Vandana,,,,7,Obstetrics & Gynecology,"OB-GYN, Gynaecology, Gynecology, Obstetrics, Women's Health, OBG",Yes,,https://doctoronboarding.eka.care/80600d40-fab3-4d11-bd95-479e1cf2c842.webp,,"Ovum Hospitals – HSR Layout:Bengaluru:Karnataka:684967002399ab001dade3a1:::Ovum Women and Child Speciality Hospital, HSR Layout"
78323888282175,174980906638862,Sharath S Ghalige,,,,5,Neonatology,"Newborn Care, NICU, Neonatal Medicine, Neonatologist",Yes,,,,"Ovum Hospitals – HSR Layout:Bengaluru:Karnataka:684967002399ab001dade3a1:::Ovum Women and Child Speciality Hospital, HSR Layout"
78323888282175,174980906673314,Punith S,,,,5,Neonatology,"Newborn Care, NICU, Neonatal Medicine, Neonatologist",Yes,,https://doctoronboarding.eka.care/4622924e-1329-44cb-b5bc-5e84445c0bec.webp,,"Ovum Hospitals – HSR Layout:Bengaluru:Karnataka:684967002399ab001dade3a1:::Ovum Women and Child Speciality Hospital, HSR Layout"
78323888282175,175713694168934,Shradha Malhotra,,,,13,Radiology,"Imaging, Diagnostic Radiology, X-Ray, Ultrasound, Scan",Yes,,,,"Ovum Hospitals – HSR Layout:Bengaluru:Karnataka:684967002399ab001dade3a1:::Ovum Women and Child Speciality Hospital, HSR Layout"
78323888282175,174980908170226,Eash Hoskote,,,,11,Pediatrics,"Paediatrics, Child Health, Children's Medicine, Paediatrician",Yes,,https://doctoronboarding.eka.care/85a6ec7c-e9d6-4c5b-9ed3-84f777de1d64.webp,,"Ovum Hospitals – HSR Layout:Bengaluru:Karnataka:684967002399ab001dade3a1:::Ovum Women and Child Speciality Hospital, HSR Layout"
78323888282175,175713702005531,Sweta Choudhary,,,,2,Fetal Medicine,"Maternal-Fetal Medicine, MFM, Perinatology, Feto-maternal",Yes,,,,"Ovum Hospitals – HSR Layout:Bengaluru:Karnataka:684967002399ab001dade3a1:::Ovum Women and Child Speciality Hospital, HSR Layout"
78323888282175,175713680144049,Shweta Choudhury,,,,11,Pediatrics,"Paediatrics, Child Health, Children's Medicine, Paediatrician",Yes,,,,"Ovum Hospitals – HSR Layout:Bengaluru:Karnataka:684967002399ab001dade3a1:::Ovum Women and Child Speciality Hospital, HSR Layout"
78323888282175,175517537423089,Maheshwari M,,,,14,Reproductive Medicine,"IVF, Fertility, ART, IUI, Infertility Treatment",Yes,,,,"Ovum Hospitals – HSR Layout:Bengaluru:Karnataka:684967002399ab001dade3a1:::Ovum Women and Child Speciality Hospital, HSR Layout"
78323888282175,174980906785439,Maya V Kumar,,,,7,Obstetrics & Gynecology,"OB-GYN, Gynaecology, Gynecology, Obstetrics, Women's Health, OBG",Yes,,https://doctoronboarding.eka.care/2c999f37-41d6-44d6-b80d-32ee9ee2f6f2.webp,,"Ovum Hospitals – HSR Layout:Bengaluru:Karnataka:684967002399ab001dade3a1:::Ovum Women and Child Speciality Hospital, HSR Layout"
78323888282175,174980906823770,Gowri M,,,,7,Obstetrics & Gynecology,"OB-GYN, Gynaecology, Gynecology, Obstetrics, Women's Health, OBG",Yes,,https://doctoronboarding.eka.care/a5b8c773-0de1-4857-8045-d5ef9aa9f382.webp,,"Ovum Hospitals – HSR Layout:Bengaluru:Karnataka:684967002399ab001dade3a1:::Ovum Women and Child Speciality Hospital, HSR Layout"
78323888282175,d-1761800445292,Ayesha Gulzar Ahamed,,,,7,Obstetrics & Gynecology,"OB-GYN, Gynaecology, Gynecology, Obstetrics, Women's Health, OBG",Yes,,,,"Ovum Hospitals – Banashankari:Bengaluru:Karnataka:684965a7cfcc9d001d081843:::#216 A, 100ft Outer Ring Road, Near Kathriguppe Signal, 2nd Block, 3rd Phase, Banashankari 3rd Stage"
78323888282175,175999632375887,Padma S,,,,7,Obstetrics & Gynecology,"OB-GYN, Gynaecology, Gynecology, Obstetrics, Women's Health, OBG",Yes,,,,"Ovum Hospitals – Banashankari:Bengaluru:Karnataka:684965a7cfcc9d001d081843:::#216 A, 100ft Outer Ring Road, Near Kathriguppe Signal, 2nd Block, 3rd Phase, Banashankari 3rd Stage"
78323888282175,174980907633935,Nagesh Mruthyunjaya,,,,13,Radiology,"Imaging, Diagnostic Radiology, X-Ray, Ultrasound, Scan",Yes,,https://doctoronboarding.eka.care/f1a3297f-6407-40d3-bb85-4bdf8710729f.webp,,"Ovum Hospitals – Banashankari:Bengaluru:Karnataka:684965a7cfcc9d001d081843:::#216 A, 100ft Outer Ring Road, Near Kathriguppe Signal, 2nd Block, 3rd Phase, Banashankari 3rd Stage"
78323888282175,175999639576153,Nagendra Prasad,,,,7,Obstetrics & Gynecology,"OB-GYN, Gynaecology, Gynecology, Obstetrics, Women's Health, OBG",Yes,,,,"Ovum Hospitals – Banashankari:Bengaluru:Karnataka:684965a7cfcc9d001d081843:::#216 A, 100ft Outer Ring Road, Near Kathriguppe Signal, 2nd Block, 3rd Phase, Banashankari 3rd Stage"
78323888282175,176007142960632,Chandan G D,,,,8,Paediatric Dentist,"Pediatric Dentistry, Kids Dentist, Child Dental",Yes,,,,"Ovum Hospitals – Banashankari:Bengaluru:Karnataka:684965a7cfcc9d001d081843:::#216 A, 100ft Outer Ring Road, Near Kathriguppe Signal, 2nd Block, 3rd Phase, Banashankari 3rd Stage"
78323888282175,174980907661924,Meghana Kulkarni,,,,13,Radiology,"Imaging, Diagnostic Radiology, X-Ray, Ultrasound, Scan",Yes,,,,"Ovum Hospitals – Banashankari:Bengaluru:Karnataka:684965a7cfcc9d001d081843:::#216 A, 100ft Outer Ring Road, Near Kathriguppe Signal, 2nd Block, 3rd Phase, Banashankari 3rd Stage"
78323888282175,175637416808188,Harshitha N,,,,7,Obstetrics & Gynecology,"OB-GYN, Gynaecology, Gynecology, Obstetrics, Women's Health, OBG",Yes,,,,"Ovum Hospitals – Banashankari:Bengaluru:Karnataka:684965a7cfcc9d001d081843:::#216 A, 100ft Outer Ring Road, Near Kathriguppe Signal, 2nd Block, 3rd Phase, Banashankari 3rd Stage"
78323888282175,175136664940161,Bhavya Vays,,,,1,Allergy Specialist,"Allergist, Immunologist, Allergy & Immunology",Yes,,,,Unknown::::::
78323888282175,do1774501550899,Nabila Rahman,,,,6,Not Specified,,Yes,,,,Unknown::::::
78323888282175,174980906903787,Avinash B S,,,,5,Neonatology,"Newborn Care, NICU, Neonatal Medicine, Neonatologist",Yes,,https://doctoronboarding.eka.care/c1af36bc-2415-4478-a86c-50284774e49c.webp,,"Ovum Hospitals – Bhattarahalli:Bengaluru:Karnataka:684966e2cfcc9d001d0818e4:::Ovum Women and Child Speciality Hospital, Bhattarahalli"
78323888282175,176007296619574,Sunil S Raikar,,,,11,Pediatrics,"Paediatrics, Child Health, Children's Medicine, Paediatrician",Yes,,,,"Ovum Hospitals – Bhattarahalli:Bengaluru:Karnataka:684966e2cfcc9d001d0818e4:::Ovum Women and Child Speciality Hospital, Bhattarahalli"
78323888282175,174980906957682,Murali Mohan Voona,,,,5,Neonatology,"Newborn Care, NICU, Neonatal Medicine, Neonatologist",Yes,,https://doctoronboarding.eka.care/806102d8-5bd5-49b1-b1fe-f79c52671cf0.webp,,"Ovum Hospitals – Bhattarahalli:Bengaluru:Karnataka:684966e2cfcc9d001d0818e4:::Ovum Women and Child Speciality Hospital, Bhattarahalli"
78323888282175,174980906982517,Lakshmi Devi M,,,,7,Obstetrics & Gynecology,"OB-GYN, Gynaecology, Gynecology, Obstetrics, Women's Health, OBG",Yes,,https://doctoronboarding.eka.care/9770c6a7-94c2-4e79-99bb-06873311f4a8.webp,,"Ovum Hospitals – Bhattarahalli:Bengaluru:Karnataka:684966e2cfcc9d001d0818e4:::Ovum Women and Child Speciality Hospital, Bhattarahalli"
78323888282175,176007366423976,Sushmitha S,,,,11,Pediatrics,"Paediatrics, Child Health, Children's Medicine, Paediatrician",Yes,,,,"Ovum Hospitals – Bhattarahalli:Bengaluru:Karnataka:684966e2cfcc9d001d0818e4:::Ovum Women and Child Speciality Hospital, Bhattarahalli"
78323888282175,174980907008528,Amulya B,,,,7,Obstetrics & Gynecology,"OB-GYN, Gynaecology, Gynecology, Obstetrics, Women's Health, OBG",Yes,,https://doctoronboarding.eka.care/7222bd3e-8a6c-42f9-a8ee-8e4b57538aa3.webp,,"Ovum Hospitals – Bhattarahalli:Bengaluru:Karnataka:684966e2cfcc9d001d0818e4:::Ovum Women and Child Speciality Hospital, Bhattarahalli"
78323888282175,174980906931643,Sunil Kumar,,,,5,Neonatology,"Newborn Care, NICU, Neonatal Medicine, Neonatologist",Yes,,https://doctoronboarding.eka.care/40b9943d-8a2d-469a-adf1-2fc706ccd5d6.webp,,"Ovum Hospitals – Bhattarahalli:Bengaluru:Karnataka:684966e2cfcc9d001d0818e4:::Ovum Women and Child Speciality Hospital, Bhattarahalli"
78323888282175,174980907037557,Sharvani O,,,,7,Obstetrics & Gynecology,"OB-GYN, Gynaecology, Gynecology, Obstetrics, Women's Health, OBG",Yes,,https://doctoronboarding.eka.care/3218d29a-b931-4eec-9d80-d6818c5266e3.webp,,"Ovum Hospitals – Bhattarahalli:Bengaluru:Karnataka:684966e2cfcc9d001d0818e4:::Ovum Women and Child Speciality Hospital, Bhattarahalli"
78323888282175,174980906876938,Sneha M,,,,5,Neonatology,"Newborn Care, NICU, Neonatal Medicine, Neonatologist",Yes,,https://doctoronboarding.eka.care/a2e2fa71-50d1-48e2-8df1-949e8e824b9a.webp,,"Ovum Hospitals – Bhattarahalli:Bengaluru:Karnataka:684966e2cfcc9d001d0818e4:::Ovum Women and Child Speciality Hospital, Bhattarahalli"
